{"eval/acc":0.8066666666666666,"eval/cot_em":0,"_runtime":17449.781369328,"_step":30084,"train/loss":0.03199729695916176,"train/step":30044,"data_table":{"size":865015,"artifact_path":"wandb-client-artifact://z03wxong6uzgavwrkfz8825bb91sn8meb8d60vztrh99qjpdtimhhg285jn36mc8sgbucqez8m4sfoz3mashbxw86or4j6wn7vgdv4x0qymq0dc1nppx5ua2t4hb5x5a/data_table.table.json","_latest_artifact_path":"wandb-client-artifact://w0n5w5rdh5hz3aj8zz53inq467746k91qbw31zv0fjnbhjejrhpiziegdhmq75s0vc0m7662nt70ebs9n38suq7ftf3i4jn76bgw26yez4sijtr9a9fvmnste8ylt3ua:latest/data_table.table.json","path":"media/table/data_table_29107_17c54d6f3ae94b7d475a.table.json","ncols":2,"nrows":14,"_type":"table-file","sha256":"17c54d6f3ae94b7d475ac094c016a37416a8f0f5d95e1cac82eacbce08dfd3a5"},"_wandb":{"runtime":17449},"eval/loss":0.06420848440182836,"train/epoch":14,"_timestamp":1.750543937656254e+09}