{"_wandb":{"runtime":245},"_runtime":133.316193956,"_timestamp":1.750523343518564e+09,"train/step":2235,"data_table":{"path":"media/table/data_table_0_cdeb15c3a148cfe38d89.table.json","ncols":2,"nrows":1,"_type":"table-file","sha256":"cdeb15c3a148cfe38d89536e9a5f5139f696e63e8f11ff80a85cad8d8b1a3555","size":65832,"artifact_path":"wandb-client-artifact://jhn791wo29qvahryaxa9fwc9j12ir7n19d446t5yz99oe96db2x3r8egrlydftniki5lm0t7dd1jnuqc9ctd31tlt1wzd2svcql6qnexh5vs2lmgn8ccb8tvdc0fju0e/data_table.table.json","_latest_artifact_path":"wandb-client-artifact://c1i8td52nb9041cc77ld5vekptv1rnqa1b88ujlxf5sp63o461a7un8qdiflfzlwdqxnn2sbkyc1a2xawic0v8vri4twqkrx8pa3xhpca1mn9zqvh93g3sos0zkmht6e:latest/data_table.table.json"},"train/loss":0.09228515625,"_step":2237,"train/epoch":1,"eval/loss":0.06185109991776316}